link_id,set
5662,buffer
7955,buffer
8252,focus
8253,buffer
8254,focus
9143,buffer
9147,focus
9148,buffer
9149,buffer
9214,buffer
25608,focus
25609,buffer
25785,focus
25812,buffer
25813,buffer
25894,buffer
25901,buffer
25902,buffer
25946,focus
25947,focus
25948,buffer
25954,buffer
25955,focus
25963,buffer
25965,buffer
25966,focus
25972,focus
25976,buffer
25982,buffer
26049,focus
26054,buffer
26055,focus
26101,focus
26177,focus
26178,buffer
26183,focus
26186,buffer
26187,buffer
26196,buffer
26197,focus
26252,focus
26253,buffer
26276,buffer
26299,focus
26303,focus
26304,focus
26305,buffer
26306,focus
26307,focus
26308,buffer
26309,focus
26310,buffer
26311,focus
26312,buffer
26313,focus
26314,buffer
26315,focus
26322,focus
26323,focus
26350,buffer
26351,buffer
26354,focus
26358,focus
26359,focus
26370,focus
26380,focus
26533,buffer
26534,buffer
26605,buffer
26719,focus
26720,focus
26721,focus
26722,focus
26723,focus
26724,focus
26725,buffer
26726,focus
26727,focus
26728,focus
26729,buffer
26730,focus
26731,focus
26732,focus
26733,buffer
26734,buffer
26735,focus
26736,focus
26737,focus
26738,buffer
26739,focus
26740,focus
26741,focus
26742,buffer
26743,focus
26744,buffer
26745,focus
26746,focus
26747,focus
26748,focus
26749,focus
26750,focus
26751,focus
26752,focus
26753,focus
26754,focus
28705,focus
30295,focus
30296,focus
30314,buffer
30315,buffer
30316,buffer
30317,focus
30319,buffer
30320,buffer
30876,buffer
30877,buffer
30949,focus
31334,focus
31335,buffer
31336,buffer
31337,buffer
31338,focus
31339,buffer
31340,buffer
31341,focus
31342,focus
31343,focus
31344,focus
31345,focus
31346,focus
31347,focus
31348,focus
31349,buffer
31350,focus
31351,focus
31352,focus
31353,focus
31354,focus
31355,focus
31356,focus
31357,focus
31358,focus
31359,focus
31360,focus
31361,focus
31362,focus
31363,buffer
31364,focus
31365,focus
31366,focus
31367,buffer
31368,focus
31369,focus
31370,focus
31371,focus
31372,focus
31373,focus
31374,focus
31375,focus
31376,focus
31377,buffer
31378,focus
31379,focus
31380,focus
31381,focus
31382,focus
31383,focus
31384,focus
31385,buffer
31386,focus
31387,focus
31388,focus
31389,focus
31390,focus
31391,focus
31392,focus
31393,focus
31394,buffer
31395,focus
31396,focus
31397,focus
31398,focus
31399,focus
31400,buffer
31401,focus
31402,buffer
31403,buffer
31404,focus
31405,focus
31406,focus
31407,focus
31408,focus
31409,focus
31410,focus
31411,focus
31412,focus
31413,focus
31414,focus
31415,focus
31416,focus
31417,focus
31418,focus
31419,focus
31420,focus
31421,focus
31422,focus
31423,focus
31424,focus
31425,focus
31426,focus
31427,focus
31428,focus
31429,focus
31716,buffer
31718,buffer
31719,buffer
31720,focus
31721,buffer
31723,buffer
31724,focus
31725,buffer
31780,buffer
31781,focus
31784,buffer
31785,focus
31786,buffer
31787,buffer
31790,focus
31793,buffer
31795,focus
31796,buffer
31797,buffer
31800,focus
31802,buffer
31804,focus
31805,buffer
31807,buffer
31809,focus
31812,buffer
31813,buffer
31814,buffer
31816,buffer
31818,focus
31820,buffer
31822,buffer
31823,focus
31824,buffer
31825,buffer
31827,buffer
31829,focus
31832,buffer
31833,focus
31834,buffer
31990,buffer
31992,focus
31993,buffer
31994,buffer
31995,buffer
31997,buffer
31998,buffer
31999,focus
32000,buffer
32027,buffer
32028,focus
32029,focus
32030,buffer
32031,focus
32032,focus
32033,buffer
32034,focus
32035,focus
32036,buffer
32037,focus
32038,focus
32039,buffer
32040,buffer
32041,focus
32042,focus
32043,buffer
32044,focus
32045,focus
32130,focus
32131,focus
32132,focus
32133,focus
32134,focus
32135,buffer
32136,focus
32138,buffer
32139,buffer
32140,focus
32367,focus
32368,focus
32369,focus
32370,focus
32542,focus
32543,focus
32544,focus
32545,focus
32546,buffer
32547,focus
32548,focus
32549,focus
32550,buffer
32551,focus
32552,focus
32553,buffer
32554,focus
32555,focus
32556,focus
32557,focus
32558,focus
32559,focus
32560,focus
32561,focus
32562,focus
32563,focus
32564,focus
32565,focus
32566,focus
32567,buffer
32568,focus
32569,buffer
32570,focus
32571,buffer
32572,focus
32573,focus
32574,buffer
32575,buffer
32576,focus
32659,buffer
32660,buffer
32664,buffer
32665,buffer
32666,buffer
32667,buffer
32842,buffer
32843,focus
32844,focus
32845,buffer
32846,focus
32847,buffer
32848,focus
32849,buffer
32854,focus
32855,buffer
32856,focus
32862,buffer
32863,buffer
32866,focus
32867,focus
32868,focus
32869,focus
35757,focus
35758,focus
35759,focus
35760,focus
35762,buffer
35764,buffer
35765,focus
35766,buffer
35767,focus
35768,buffer
35778,buffer
35779,focus
35780,buffer
35781,focus
35786,focus
35787,focus
38161,buffer
38163,focus
38165,buffer
38167,focus
38168,buffer
38186,buffer
38189,focus
38191,buffer
38193,focus
38194,buffer
38195,buffer
38203,buffer
38363,focus
38418,buffer
38483,focus
38484,buffer
38500,focus
38501,buffer
38748,buffer
38749,focus
38801,focus
38802,focus
38954,focus
38958,buffer
38959,focus
38960,focus
38961,buffer
38962,focus
38963,focus
39007,focus
39080,focus
39139,focus
39140,buffer
39141,focus
39142,focus
39143,focus
39144,buffer
39145,focus
39146,focus
39147,focus
39148,focus
39149,focus
39150,focus
39151,focus
39152,focus
39153,focus
39154,focus
39155,buffer
39156,focus
39157,focus
39158,focus
39159,focus
39160,buffer
39161,focus
39162,focus
39163,focus
39164,focus
39165,focus
39166,focus
39167,focus
39168,focus
39169,buffer
39170,focus
39171,focus
39172,buffer
39173,focus
39174,focus
39175,focus
39176,buffer
39177,focus
39178,focus
39179,focus
39180,focus
39181,focus
39182,focus
39183,focus
39184,focus
39185,focus
39208,focus
39209,focus
39210,buffer
39211,focus
39212,buffer
39213,focus
39215,buffer
39216,buffer
39219,buffer
39465,buffer
39466,focus
40894,focus
40895,buffer
40896,focus
40897,focus
40898,focus
40899,focus
40900,focus
40936,buffer
40939,buffer
40943,buffer
40944,focus
40950,focus
40951,focus
40952,focus
40953,focus
40954,focus
40955,focus
40956,focus
40959,buffer
40960,focus
40961,buffer
40962,focus
40963,buffer
40966,focus
40967,focus
40968,buffer
40970,buffer
40971,focus
40972,focus
40973,buffer
48673,focus
48744,focus
48755,focus
48763,buffer
48764,focus
48769,buffer
48770,focus
48771,buffer
48772,focus
48773,focus
48774,buffer
48778,focus
48779,buffer
48780,focus
48798,buffer
48801,focus
48814,focus
48819,buffer
48821,focus
48822,buffer
48823,focus
48826,buffer
48827,focus
48828,buffer
48831,focus
48832,buffer
48833,focus
48836,buffer
48838,focus
48847,buffer
48850,focus
48851,buffer
48852,focus
48855,buffer
48857,focus
48862,focus
48863,focus
48869,buffer
48870,buffer
48871,focus
48872,focus
48873,buffer
48874,focus
48875,focus
48887,buffer
48889,buffer
